id,name
1McMsnEElThX1knmY4oliG,Olivia Rodrigo
66CXWjxzNUsdJxJ2JdwvnR,Ariana Grande
1Xyo4u8uXC1ZmMpatF05PJ,The Weeknd
3TVXtAsR1Inumwj472S9r4,Drake
3fMbdgg4jU18AjLCKBhRSm,Michael Jackson
5K4W6rqBFWDnAN6FQUkS6x,Kanye West
06HL4z0CvFAxyc27GXpf02,Taylor Swift
5pKCCKE2ajJHZ9KAiaK11H,Rihanna
2YZyLoL8N0Wb9xBt1NhZWg,Kendrick Lamar
1HY2Jd0NmPuamShAr6KMms,Lady Gaga
4Z8W4fKeB5YxbusRsdQVPb,Radiohead
78rUTD7y6Cy67W1RVzYs7t,PinkPantheress
5INjqkS1o8h1imAzPqGZBb,Tame Impala
4V8LLVI7PbaPR0K2TGSxFF,"Tyler, The Creator"
74KM79TiuVKeVCqs8QtB0B,Sabrina Carpenter
25uiPmTg16RbhZWAqwLBy5,Charli xcx
00FQb4jTyendYWaN8pK0wa,Lana Del Rey
1uNFoZAHBGtllmzznpCI3s,Justin Bieber
74XFHRwlV6OrjEM0A2NCMF,Paramore
7Ln80lUS6He07XvHI8qqHH,Arctic Monkeys
2h93pZq0e7k5yf4dywlkpM,Frank Ocean
6jJ0s89eD6GaHleKKya26X,Katy Perry
6qqNVTkY8uBg9cP3Jd7DAH,Billie Eilish
7eKkW1zo5uzW8kUntiiBvz,Malcolm Todd
0du5cEVh5yTK9QJze8zA0C,Bruno Mars
5cj0lLjcoR7YOSnhnX0Po5,Doja Cat
6XyY86QOPPrYVGvF9ch6wz,Linkin Park
08GQAI4eElDnROBrJRGE0X,Fleetwood Mac
3AA28KZvwAUcZuOKwyblJQ,Gorillaz
6KImCVD70vtIoJWnq6nGn3,Harry Styles
73sIBHcqh3Z3NyqHKZ7FOL,Childish Gambino
3yY2gUcIsjMr8hjo51PoJ8,The Smiths
7GlBOeep6PqTfFi59PTUUN,Chappell Roan
13ubrt8QOOCPljQ2FL1Kca,A$AP Rocky
0Y5tJX1MQlPlqiwlOH1tJY,Travis Scott
3l0CmX0FuQjFxr8SK7Vqag,Clairo
6Ghvu1VvMGScGpOUJBAHNH,Deftones
7tYKF4w9nC0nq9CsPZTHyP,SZA
77SW9BnxLY8rJ0RciFqkHh,The Neighbourhood
4gzpq5DPGxSnKTe4SA8HAU,Coldplay
4LLpKhyESsyAXpc4laK94U,Mac Miller
4Gso3d4CscCijv0lmajZWs,Don Toliver
4q3ewBCX7sLwd24euuV69X,Bad Bunny
2uYWxilOVlUdk4oV9DvwqK,Mitski
57vWImR43h4CaDao012Ofp,Steve Lacy
2sSGPbdZJkaSE2AbcGOACx,The Marías
3Nrfpe0tUJi4K4DXYWgMUX,BTS
6vWDO969PvNqNYHIOW5v0m,Beyoncé
699OTQXzgjhIYAHMy9RyPD,Playboi Carti
1RyvyyTE3xzB2ZywiAwp0i,Future
35l9BRT7MXmM8bv2WDQiyB,beabadoobee
0Y6dVaC9DZtPNH4591M42W,TV Girl
4SpbR6yFEvexJuaBpgAU5p,LE SSERAFIM
3WrFJ7ztbogyGnTHbHJFl2,The Beatles
6olE6TJLqED3rqDCT0FyPh,Nirvana
04gDigrS5kc9YWfZHwBETP,Maroon 5
7CajNmpbOovFoOoasH2HaY,Calvin Harris
26dSoYclwsYLMAKD3tpOr4,Britney Spears
6tbjWDEIzxoDsBA1FuhfPW,Madonna
7bu3H8JO7d0UbMoVzbo70s,The Cure
3YQKmKGau1PzlVlkL1iodx,Twenty One Pilots
163tK9Wjr9P9DmM0AVK7lm,Lorde
6USv9qhCn6zfxlBQIYJ9qs,Dominic Fike
0epOFNiUfyON9EYx7Tpr6V,The Strokes
3Sz7ZnJQBIHsXLUSo0OQtM,Mac DeMarco
4O15NlyKLIASxsJ0PrXPfz,Lil Uzi Vert
4G9NDjRyZFDlJKMRL8hx3S,sombr
0L8ExT028jH3ddEcZwqJJ5,Red Hot Chili Peppers
3jOstUTkEu2JkjvRdBA5Gu,Weezer
3MZsBdqDrRTJihTHQrO6Dq,Joji
1U1el3k54VvEUzo3ybLPlM,Kali Uchis
7FBcuc1gsnv6Y1nwFtNRCb,My Chemical Romance
1dfeR4HaWDbWqFHLkxsg1d,Queen
7gW0r5CkdEUMm42w9XpyZO,Laufey
20wkVLutqVOYrc0kxFs7rA,Daniel Caesar
1yxSLGMDHlW21z4YXirZDS,Black Eyed Peas
1Xylc3o4UrD53lo9CvFvVg,Zara Larsson
246dkjvS1zLTtiykXe5h60,Post Malone
7oPftvlwr6VrsViSDV7fJY,Green Day
7dGJo4pcD2V6oG8kP0tJRR,Eminem
47zz7sob9NUcODy0BTDvKx,Sade
6TLwD7HPWuiOzvXEa3oCNe,Oliver Tree
31TPClRtHm23RisEBtV3X7,Justin Timberlake
20JZFwl6HVl6yg8a4H3ZqK,Panic! at the Disco
0EmeFodog0BfCgMzAIvKQp,Shakira
5eAWCfyUhZtHHtBdNk56l1,System of a Down
1QAJqy2dA3ihHBFIHRphZj,Cigarettes After Sex
0C0XlULifJtAgn6ZNCW2eu,The Killers
4tZwfgrHOc3mvqYlEYSvVi,Daft Punk
6l3HvQ5sa6mXTsMTB19rO5,J. Cole
0TnOYISbd1XYRBk9myaseg,Pitbull
3nFkdlSjzX9mRTtwJOzDYB,JAŸ-Z
6M2wZ9GZgrQXHCFfjv46we,Dua Lipa
45dkTj5sMRSjrmBSBeiHym,Tate McRae
3c0gDdb9lhnHGFtP4prQpn,KATSEYE
4gvjmrtzydbMpyJaXUtwvP,Addison Rae
4iJLPqClelZOBCBifm8Fzv,Pierce the Veil
6LqNN22kT3074XbTVUrhzX,Kesha
40Yq4vzPs9VNUrIBG5Jr2i,The Smashing Pumpkins
00x1fYSGhdqScXBRpSj3DW,Olivia Dean
0iEtIxbK0KxaSlF7G42ZOp,Metro Boomin
2FXC3k01G6Gw61bmprjgqS,Hozier
1Cs0zKBU1kc0i8ypK3B9ai,David Guetta
0LcJLqbBmaGUft1e9Mm8HV,ABBA
4UXqAaa6dQYAk18Lv7PEgX,Fall Out Boy
4tuJ0bMpJh08umKkEXKUI5,Gracie Abrams
12Chz98pHFMPJEknJQMWvI,Muse
0k17h0D3J5VfsdmQ1iZtE9,Pink Floyd
6HvZYsbFfjnjFrWF950C9d,NewJeans
3qiHUAX7zY4Qnjx8TNUzVx,Yeat
6YVMFz59CuY7ngCxTxjpxE,aespa
0oSGxfWSnnOXhD2fKuz2Gy,David Bowie
3nnQpaTvKb5jCQabZefACI,Jeff Buckley
3tlXnStJ1fFhdScmQeLpuG,Brent Faiyaz
7n2Ycct7Beij7Dj7meI4X0,TWICE
4QM5QCHicznALtX885CnZC,Slayyyter
2DaxqgrOhkeH0fpeiQq2f4,Oasis
2RQXRUsr4IW1f3mKyKsy4B,Noah Kahan
4AK6F7OLvEQ5QYCBNiQWHq,One Direction
2kCcBybjl3SAtIcwdWpUe3,Lil Peep
5YGY8feqx7naU7z4HrwZM6,Miley Cyrus
2ye2Wgw4gimLv2eAKyk1NB,Metallica
5Wabl1lPdNOeIn0SQ5A1mp,Cocteau Twins
3PhoLpVuITZKcymswpck5b,Elton John
7jy3rLJdDQY21OgRLCZ9sD,Foo Fighters
5nGIFgo0shDenQYSE0Sn7c,Evanescence
55Aa2cqylxrFIXC767Z865,Lil Wayne
15UsOTVnJzReFVN1VCnxy4,XXXTENTACION
5SXuuuRpukkTvsLuUknva1,Baby Keem
2HPaUgqeutzr3jx5a9WyDV,PARTYNEXTDOOR
4Uc8Dsxct0oMqx0P6i60ea,Conan Gray
05fG473iIaoy82BF1aGhL8,Slipknot
36cgvBn0aadzOijnjjwqMN,ILLIT
56ZTgzPBDge0OvCGgMO3OY,Beach House
6CwfuxIqcltXDGjfZsMd9A,Marina
7t0rwkOPGlDPEhaOcVtOt9,The Cranberries
5KKpBU5eC2tJDzf0wmlRp2,RAYE
3mIj9lX2MWuHmhNCA7LSCW,The 1975
165ZgPlLkK7bf5bDoFc6Sb,Limp Bizkit
2tIP7SsRs7vjIcLrU85W8J,The Kid LAROI
4MCBfE4596Uoi2O4DtmEMz,Juice WRLD
0SwO7SWeDHJijQ3XNS7xEE,MGMT
6zFYqv1mOsgBRQbae3JJ9e,Billy Joel
2jku7tDXc6XoB6MO2hFuqg,Tory Lanez
2jw70GZXlAI8QzWeY2bgRc,Nelly Furtado
1G9G7WwrXka3Z1r7aIDjI7,OutKast
6lcwlkAjBPSKnFBZjjZFJs,Alex G
6S2OmqARrzebs0tKUEyXyp,Demi Lovato
1r1uxoy19fzMxunt3ONAkG,Phoebe Bridgers
26VFTg2z8YR0cCuwLzESi2,Halsey
181bsRPaVXVlUKXrxwZfHK,Megan Thee Stallion
1URnnhqYAYcrqrcwql10ft,21 Savage
0fA0VVWsXO9YnASrzqfmYu,Kid Cudi
1Ffb6ejR6Fe5IamqA5oRUF,Bring Me the Horizon
7n2wHs1TKAczGzO7Dd2rGr,Shawn Mendes
4MXUO7sVCaFgFjoTI5ox5c,Sufjan Stevens
5p9HO3XC5P3BLxJs5Mtrhm,Djo
2hlmm7s2ICUX0LVIhVFlZQ,Gunna
4dpARuHxo51G3z768sgnrY,Adele
50co4Is1HCEo8bhOyUWKpn,Young Thug
6LEeAFiJF8OuPx747e1wxR,Blood Orange
0hCNtLu0JehylgoiP8L4Gh,Nicki Minaj
67hb7towEyKvt5Z8Bx306c,Empire of the Sun
2VAvhf61GgLYmC6C8anyX1,bôa
5NGO30tJxFlKixkPSgXcFE,The Police
0p4nmQO2msCgU4IF37Wi3j,Avril Lavigne
360IAlyVv4PCEVjgyMZrxK,Miguel
15iVAtD3s3FsQR4w1v6M0P,Chief Keef
0X2BH1fck6amBIoJhDVmmJ,Ellie Goulding
64tNsm6TnZe2zpcMVMOoHL,Alice in Chains
6eUKZXaKkcviH0Ku9w2n3V,Ed Sheeran
3WGpXCj9YhhfX11TToZcXP,Troye Sivan
7cYEt1pqMgXJdq00hAwVpT,Chase Atlantic
1tqZaCwM57UFKjWoYwMLrw,The Cardigans
3q7HBObVc0L8jNeTe5Gofh,50 Cent
2xiIXseIJcq3nG7C8fHeBj,Three Days Grace
4yiQZ8tQPux8cPriYMWUFP,Gwen Stefani
4E2rKHVDssGJm2SCDOMMJB,Doechii
63yrD80RY3RNEM2YDpUpO8,Melanie Martinez
22bE4uQ6baNwSHPVcDxLCe,The Rolling Stones
0C8ZW7ezQVs4URX5aX7Kqx,Selena Gomez
37w38cCSGgKLdayTRjna4W,Mazzy Star
7bXgB6jMjp9ATFy66eO08Z,Chris Brown
6Xgp2XMz1fhVYe7i6yNAax,Trippie Redd
5RTLRtXjbXI2lSXc6jxlAz,Ravyn Lenae
23zg3TcAtWQy7J6upgbUnj,Usher
6HaGTQPmzraVmaVxvz6EUc,Jung Kook
4yvcSjfu4PC0CYQyLy4wSq,Glass Animals
5Rl15oVamLq7FbSb0NNBNy,5 Seconds of Summer
46SHBwWsqBkxI7EeeBEQG7,Kodak Black
4bthk9UfsYUYdcFyqxmSUU,Tears for Fears
53XhwfbYqKCa1cC15pYq2q,Imagine Dragons
26T3LtbuGT1Fu9m0eRq5X3,Cage the Elephant
0EyhkwP3UnwGFBy6xwKjSy,EsDeeKid
1Mxqyy3pSjf8kZZL4QVxS0,Frank Sinatra
3koiLjNrgRTNbOwViDipeA,Marvin Gaye
3RNrq3jvMZxD9ZyoOZbQOD,Korn
4NHQUGzhtTLFvgF5SZesLK,Tove Lo
5a2EaR3hamoenG9rDuVn8j,Prince
6FBDaR13swtiWwGhX1WQsP,blink-182
4KEHIUSoWCcqrk8AddTE1O,Panchiko
5f7VJjfbwm532GiveGC0ZK,Lil Baby
36QJpDe2go2KgaRleHCDTp,Led Zeppelin
4Ga1P7PMIsmqEZqhYZQgDo,Lil Tecca
5szilpXHcwOqnyKLqGco5j,Faye Webster
1ZwdS5xdxEREPySFridCfh,2Pac
3qm84nBOXUEQ2vnTfUTTFC,Guns N' Roses
1ebt9HnXdyYA6KgLXr1n4P,CORTIS
2DlGxzQSjYe5N6G9nkYghR,Jennifer Lopez
5tQMB0cuNXdCtzovGt55uD,Lucki
1w5Kfo2jwwIPruYS2UWh56,Pearl Jam
6VuMaDnrHyPL1p4EHjYLi7,Charlie Puth
41MozSoPIsD1dJM0CLPjZF,BLACKPINK
69GGBxA162lTqCwzJG5jLp,The Chainsmokers
1z4g3DjTBBZKhvAroFlhOM,Red Velvet
7MhMgCo0Bl0Kukl93PZbYS,Blur
77tT1kLj6mCWtFNqiOmP9H,Daryl Hall & John Oates
5GGJosGMs08YEmKTZJe1fL,Suki Waterhouse
1GmsPCcpKgF9OhlNXjOsbS,Lizzy McAlpine
4iHNK0tOyZPYnBU7nGAgpQ,Mariah Carey
6icQOAFXDZKsumw3YXyusw,Lil Yachty
1moxjboGR7GNWYIMWsRjgG,Florence + the Machine
3Isy6kedDrgPYoTS1dazA9,Sean Paul
6Q192DXotxtaysaqNPy5yR,Amy Winehouse
2sil8z5kiy4r76CRTXxBCA,The Goo Goo Dolls
5me0Irg2ANcsgc93uaYrpb,The Notorious B.I.G.
3gBZUcNeVumkeeJ19CY2sX,Ken Carson
72X6FHxaShda0XeQw3vbeF,Slowdive
053q0ukIDRgzwTr4vNSwab,Grimes
7lzordPuZEXxwt9aoVZYmG,Billy Idol
5QdyldG4Fl4TPiOIeMNpBZ,Big Thief
1iCnM8foFssWlPRLfAbIwo,Gigi Perez
6zvul52xwTWzilBZl6BUbT,Pixies
0avMDS4HyoCEP6RqZJWpY2,Ethel Cain
1oPRcJUkloHaRLYx0olBLJ,Magdalena Bay
5M52tdBnJaKSvOpJGz8mfZ,Black Sabbath
1VPmR4DJC1PlOtd0IADAO0,$uicideboy$
2EMAnMvWE2eb56ToJVfCWs,Bryson Tiller
0jnsk9HBra6NMjO2oANoPY,Flo Rida
7ltDVBr6mKbRvohxheJ9h1,ROSALÍA
2qanRMyA5bNuTvz1dK45OP,ADÉLA
6Xb4ezwoAQC4516kI89nWz,Imogen Heap
250b0Wlc5Vk0CoUsaCY84M,Jennie
7guDJrEfX3qb6FEbdPA5qi,Stevie Wonder
1aSxMhuvixZ8h9dK9jIDwL,Kate Bush
3zmfs9cQwzJl575W1ZYXeT,Men I Trust
3uwAm6vQy7kWPS2bciKWx9,girl in red
77mJc3M7ZT5oOVM7gNdXim,Her's
0EdvGhlC1FkGItLOWQzG4J,Sublime
7K3zpFXBvPcvzhj7zlGJdO,Crystal Castles
0ECwFtbIWEVNwjlrfc6xoL,Eagles
5LfGQac0EIXyAN8aUwmNAQ,The Offspring
0b1sIQumIAsNbqAoIClSpy,j-hope
2h93pZq0e7k5yf4dywlkpM,America
762310PdDnwsDxAQxzQkfX,Depeche Mode
0NIPkIjTV8mB795yEIiPYL,Wallows
0m5FakHKCQdA7UN0PIzMcL,Current Joys
4nDoRrQiYLoBzwC5BhVJzF,Camila Cabello
540vIaP2JwjQb9dm3aArA4,DJ Snake
5Pwc4xIPtQLFEnJriah9YJ,OneRepublic
5L1lO4eRHmJ7a0Q6csE5cT,Lisa
3SXwqSqAoBz9WCI9PDQzY6,Fontaines D.C.
0gmx7cndNJbFM0DAO7fT0s,F3miii
7iZtZyCzp3LItcw1wtPI3D,Rae Sremmurd
6LuN9FCkKOj5PcnpouEgny,Khalid
5t5FqBwTcgKTaWmfEbwQY9,ENHYPEN
6nB0iY1cjSY1KyhYyuIIKH,FKA twigs
2kRfqPViCqYdSGhYSM9R0Q,Madison Beer
0lZoBs4Pzo7R89JM9lxwoT,Duran Duran
2pAWfrd7WFF3XhVt9GooDL,MF DOOM
6TsAG8Ve1icEC8ydeHm3C8,Snow Strippers
5xUf6j4upBrXZPg6AI4MRK,Soundgarden
7w29UYBi0qsHi5RTcv3lmA,Björk
0CnHF3fzueVi59nz8fdwcl,Chris Rainbow
5yvGiZLSWJTPBlZpVbPnEZ,Julia Wolf
2x9SpqnPi8rlE9pjHBwmSC,Talking Heads
3rWZHrfrsPBxVy692yAIxF,Willow
711MCceyCBcFnzjGY4Q7Un,AC/DC
4RVnAU35WRWra6OZ3CbbMA,Kylie Minogue
0ghlgldX5Dd6720Q3qFyQB,TOMORROW X TOGETHER
4kYSro6naA4h99UJvo89HB,Cardi B
35WVTyRnKAoaGExqgktVyb,Hotel Ugly
2CnhqfjUG0qzsru0SMuhrk,Title Fight
1LZEQNv7sE11VDY3SdxQeN,Bee Gees
4aKWmkWAKviFlyvHYPTNQY,Adrianne Lenker
2qxJFvFYMEDqd7ui6kSAcq,Zedd
1vCWHaC5f2uS3yhpwWbIA6,Avicii
6nS5roXSAGhTGr34W6n7Et,Disclosure
72NhFAGG5Pt91VbheJeEPG,2hollis
1dy5WNgIKQU6ezkpZs4y8z,ROLE MODEL
5ZsFI1h6hIdQRw2ti0hz81,ZAYN
0WwSkZ7LtFUFjGjMZBMt6T,Dire Straits
7jefIIksOi1EazgRTfW2Pk,Electric Light Orchestra
1ZLU77nRzQIaP23mVSYpCQ,Hearts2Hearts
2qk9voo8llSGYcZ6xrBzKx,Kings of Leon
0cGUm45nv7Z6M6qdXYQGTX,Kehlani
3SozjO3Lat463tQICI9LcE,Tyla
4pejUc4iciQfgdX6OKulQn,Queens of the Stone Age
6Ip8FS7vWT1uKkJSweANQK,Dave
6kBDZFXuLrZgHnvmPu9NsG,Aphex Twin
0X380XXQSNBYuleKzav5UO,Nine Inch Nails
46pWGuE3dSwY3bMMXGBvVS,Anitta
738wLrAtLtCtFOLvQBXOXp,Major Lazer
0qc4BFxcwRFZfevTck4fOi,fakemink
3XxNRirzbjfLdDli06zMaB,Eyedress
4tpUmLEVLCGFr93o8hFFIB,Blondie
6oMuImdp5ZcFhWP0ESe6mG,Migos
64KEffDW9EtZ1y2vBYgq8T,Marshmello
2iE18Oxc8YSumAU232n4rW,The Jackson 5
7hJcb9fa4alzcOq3EaNPoG,Snoop Dogg
1AbJ2cmwK400LSvdvBL5Jc,Strawberry Guy
5mHUmlJWkcoOk1NbjfrXWz,Temper City
7M5pDtJpCdnftEQZtczYco,Ayesha Erotica
3N8Hy6xQnQv1F1XCiyGQqA,Sleeping With Sirens
536BYVgOnRky0xjsPT96zl,Two Door Cinema Club
6FXMGgJwohJLUSr5nVlf9X,Massive Attack
0nmQIMXWTXfhgOBdNzhGOs,Avenged Sevenfold
6J7biCazzYhU3gM9j1wfid,Jamiroquai
7gP3bB2nilZXLfPHJhMdvc,Foster the People
6MDME20pz9RveH9rEXvrOM,Clean Bandit
31W5EY0aAly4Qieq6OFu6I,A Boogie wit da Hoodie
6deZN1bslXzeGvOLaLMOIF,Nickelback
1rCIEwPp5OnXW0ornlSsRl,Metric
13y7CgLHjMVRMDqxdx0Xdo,Gucci Mane
4nlqDmbzFzbNITaqjJv7D7,The Sundays
2wY79sveU1sp5g7SokKOiI,Sam Smith
3IYUhFvPQItj6xySrBmZkd,Creedence Clearwater Revival
3Xt3RrJMFv5SZkCfUE8C1J,Kim Petras
4oLeXFyACqeem2VImYeBFe,Fred again..
4frXpPxQQZwbCu3eTGnZEw,Thundercat
3oDbviiivRWhXwIE8hxkVV,The Beach Boys
5WUlDfRSoLAfcVSX1WnrxN,Sia
2ApaG60P4r0yhBoDCGD8YG,Elliott Smith
7HfUJxeVTgrvhk0eWHFzV7,underscores
5Y5TRrQiqgUO4S36tzjIRZ,Timbaland
0e86yPdC41PGRkLp2Q1Bph,Mother Mother
1vyhD5VmyZ7KMfW5gqLgo5,J Balvin
0U7iI0Dk4Ojvi17nZboNO4,VACATIONS
6P7H3ai06vU1sGvdpBwDmE,Steely Dan
2dIgFjalVxs4ThymZ67YCE,Stray Kids
3DiDSECUqqY1AuBP8qtaIa,Alicia Keys
0lAWpj5szCSwM4rUMHYmrr,Måneskin
0cQbJU1aAzvbEmTuljWLlF,No Doubt
4QQgXkCYTt3BlENzhyNETg,"Earth, Wind & Fire"
0yNLKJebCb8Aueb54LYya3,New Order
6sFIWsNpZYqfjUpaCgueju,Carly Rae Jepsen
6RHTUrRF63xao58xh9FXYJ,IVE
1HPW4jeRjXBFRoUnSvBzoD,Destroy Lonely
0QHgL1lAIqAw0HtD7YldmP,DJ Khaled
0LOK81e9H5lr61HlGGHqwA,XG
3vAaWhdBR38Q02ohXqaNHT,The All-American Rejects
3g2kUQ6tHLLbmkV7T4GPtL,Fiona Apple
2xvtxDNInKDV4AvGmjw6d1,Bladee
58lV9VcRSjABbAbfWS6skp,Bon Jovi
6fxyWrfmjcbj5d12gXeiNV,Denzel Curry
5FxD8fkQZ6KcsSYupDVoSO,Omar Apollo
6ltzsmQQbmdoHHbLZ4ZN25,Lord Huron
7o95ZoZt5ZYn31e9z1Hc0a,Natasha Bedingfield
6PXS4YHDkKvl1wkIl4V8DL,Fetty Wap
1KCSPY1glIKqW2TotWuXOR,P!nk
0XNa1vTidXlvJ2gHSsRi4A,Franz Ferdinand
5RmQ8k4l3HZ8JoPb4mNsML,Agust D
0I6yADrmeyvw66g7yjkqIF,The Living Tombstone
4VMYDCV2IEDYJArk749S6m,Daddy Yankee
3RGLhK1IP9jnYFH4BRFJBS,The Clash
1oSPZhvZMIrWW5I41kPkkY,Jimin
21E3waRsmPlU7jZsS13rcj,Ne-Yo
07YZf4WDAMNwqr4jfgOZ8y,Jason Derulo
1h6Cn3P4NGzXbaXidqURXs,Swedish House Mafia
02gSuSAWEdWa5UOvqzjX6v,Sienna Spiro
74ASZWbe4lXaubB36ztrGX,Bob Dylan
0nFdWpwl7h6fp3ADRyG14L,Marina Sena
13saZpZnCDWOI9D4IJhp1f,Lily Allen
56dO9zeHKuU5Gvfc2kxHNw,Chevelle
02kJSzxNuaWGqwubyUba0Z,G-Eazy
6wWVKhxIU2cEi0K81v7HvP,Rammstein
2QsynagSdAqZj3U9HgDzjD,Bob Marley & The Wailers
14pVkFUHDL207LzLHtSA18,Pantera
4xPQFgDA5M2xa0ZGo5iIsv,¥$
5ZS223C6JyBfXasXxrRqOk,Jhené Aiko
7jVv8c5Fj3E9VhNjxT4snq,Lil Nas X
6yJ6QQ3Y5l0s0tn7b0arrO,JPEGMAFIA
6CWTBjOJK75cTE8Xv8u1kj,Feist
2auC28zjQyVTsiZKNgPRGs,RM
6qgnBH6iDM91ipVXv28OMu,KAYTRANADA
1l9d7B8W0IHy3LqWsxP2SH,Phantogram
1mcTU81TzQhprhouKaTkpq,Rauw Alejandro
6oBm8HB0yfrIc9IHbxs6in,Lykke Li
2P5sC9cVZDToPxyomzF1UH,Joey Bada$$
6zlR5ttMfMNmwf2lecU9Cc,Sam Fender
1gl0S9pS0Zw0qfa14rDD3D,Surf Curse
0NIIxcxNHmOoyBx03SfTCD,Tinashe
7wlFDEWiM5OoIAt8RSli8b,YoungBoy Never Broke Again
7pbDxGE6nQSZVfiFdq9lOL,Rex Orange County
2rLGlNI6htigNxx172qxLu,Jane Remover
41X1TR6hrK8Q2ZCpp2EqCz,bbno$
57LYzLEk2LcFghVwuWbcuS,Summer Walker
28ot3wh4oNmoFOdVajibBl,NMIXX
5vV3bFXnN6D6N3Nj4xRvaV,Jin
0PCCGZ0wGLizHt2KZ7hhA2,Artemas
1Bl6wpkWCQ4KVgnASpvzzA,BROCKHAMPTON
4STHEaNw4mPZ2tzheohgXB,Paul McCartney
57DlMWmbVIf2ssJ8QBpBau,Toby Fox
790FomKkXshlbRYZFtlgla,KAROL G
40ZNYROS4zLfyyBSs2PGe2,Zach Bryan
3AQRLZ9PuTAozP28Skbq8V,The Script
137W8MRPWKqSmrBGDBFSop,Wiz Khalifa
2feDdbD5araYcm6JhFHHw7,Labrinth
1hLiboQ98IQWhpKeP9vRFw,boygenius
5CFSYjc0PAiQvndFjafabk,Dean Blunt
4x1nvY2FN8jxqAFA0DA02H,John Lennon
19ra5tSw0tWufvUp8GotLo,George Michael
20qISvAhX20dpIbOOzGK3q,Nas
7FIoB5PHdrMZVC3q2HE5MS,George Harrison
1DhiWyne1hHwVHTti49o40,The Long Faces
3hv9jJF3adDNsBSIQDqcjp,Mark Ronson
4KWTAlx2RvbpseOGMEmROg,R.E.M.
5D5Qbe1lf3aMnLsPSzXItu,Tiffany Day
6aaMZ3fcfLv4tEbmY7bjRM,Isaiah Rashad
4naSOUBsPQeISuibs56w6Y,V
3BmGtnKgCSGYIUhmivXKWX,Kelly Clarkson
5y8tKLUfMvliMe8IKamR32,d4vd
10exVja0key0uqUkk6LJRT,Vance Joy
67lytN32YpUxiSeWlKfHJ3,Yung Lean
69CLILkCLdR4JOoQieAFm2,Jordana
2d0hyoQ5ynDBnkvAbJKORj,Rage Against the Machine
3Ri4H12KFyu98LMjSoij5V,Bad Omens
0oK5D6uPhGu4Jk2dbZfodU,Thee Sacred Souls
43ZHCT0cAZBISjO8DG9PnE,Elvis Presley
6dJeKm76NjfXBNTpHmOhfO,Selena Gomez & the Scene
3eqjTLE0HfPfh78zjh6TqT,Bruce Springsteen
0Y4inQK6OespitzD6ijMwb,Freddie Gibbs
5PbpKlxQE0Ktl5lcNABoFf,Car Seat Headrest
2yEwvVSSSUkcLeSTNyHKh8,Tool
4fxd5Ee7UefO4CUXgwJ7IP,Givēon
2ziB7fzrXBoh1HUPS6sVFn,Audioslave
5JZ7CnR6gTvEMKX4g70Amv,Lauv
2yNNYQBChuox9A5Ka93BIn,HUNTR/X
43sZBwHjahUvgbx1WNIkIz,Creed
22WZ7M8sxp5THdruNY3gXt,The Doors
5he5w2lnU9x7JFhnwcekXX,Skrillex
33ScadVnbm2X8kkUqOkC6Z,Don Omar
4N0TAwz9vhnQtjCqS65aKS,Audrey Hobert
0WCo84qtCKfbyIf1lqQWB4,Geese
3CIRif6ZAedT7kZSPvj2A4,She & Him
4r63FhuTkUYltbVAg5TQnk,DaBaby
0z4gvV4rjIZ9wHck67ucSV,Akon
0fTSzq9jAh4c36UVb4V7CB,Alex Warren
0uj6QiPsPfK8ywLC7uwBE1,OsamaSon
4DdkRBBYG6Yk9Ka8tdJ9BW,Offset
6U3ybJ9UHNKEdsH7ktGBZ7,JID
46gyXjRIvN1NL1eCB8GBxo,All Time Low
6v8FB84lnmJs434UJf2Mrm,Neil Young
59oA5WbbQvomJz2BuRG071,Jungle
6liAMWkVf5LH7YR9yfFy1Y,Portishead
581C5Qwl87TskfBEzuoisu,Cafuné
7290H8m1Dwt8G7jm1y9CQx,Chris Isaak
5ndkK3dpZLKtBklKjxNQwT,B.o.B
3MekbRujJg5VZThubOlrkR,Ninajirachi
7Ey4PD4MYsKc5I2dolUwbH,Aerosmith
5SHQUMAmEK5KmuSb0aDvsn,Hole
0TvvDswOgvPbgSPK2RDf62,wifiskeleton
2UazAtjfzqBF0Nho2awK4z,Stone Temple Pilots
3eVa5w3URK5duf6eyVDbu9,Rosé
2ICR2m4hOBPhaYiZB3rnLW,Sonder
2KC9Qb60EaY0kW4eH68vr3,ITZY
6vXTefBL93Dj5IqAWq6OTv,French Montana
68kEuyFKyqrdQQLLsmiatm,Vince Staples
0PFtn5NtBbbUNbU9EAmIWF,Toto
4MVyzYMgTwdP7Z49wAZHx0,Lynyrd Skynyrd
4F84IBURUo98rz4r61KF70,The White Stripes
5R5MLOQbI4lb7GHYioPqoN,Mindless Self Indulgence
2CmaKO2zEGJ1NWpS1yfVGz,Falling in Reverse
2LIk90788K0zvyj2JJVwkJ,Jack Harlow
6BRxQ8cD3eqnrVj6WKDok8,Ella Langley
1l7ZsJRRS8wlW3WfJfPfNS,Christina Aguilera
3cjEqqelV9zb4BYE3qDQ4O,Exo
1Qp56T7n950O3EGMsSl81D,Ghost
2AfmfGFbe0A0WsTYm0SDTx,i-dle
4Z8MrrKMBHMPa8d04Ivur8,Bella Kay
2auiVi8sUZo17dLy1HwrTU,Solange
0FWzNDaEu9jdgcYTbcOa4F,3OH!3
7ohlPA8dRBtCf92zaZCaaB,Crowded House
4xXCRXOfQKQ2gjWxNhNzYW,Air
2RdwBSPQiwcmiDo9kixcl8,Pharrell Williams
6MUyqmIQ35inLjch0YzIEG,Frou Frou
1bs7HoMkSyQwcobCpE9KpN,The Mamas & the Papas
63MQldklfxkjYDoUE4Tppz,M83
2I8H267eH5va9da4vGt38O,Lucy Bedroque
4RddZ3iHvSpGV4dvATac9X,Papa Roach
4uFZsG1vXrPcvnZ4iSQyrx,C418
6TcnmlCSxihzWOQJ8k0rNS,Third Eye Blind
6Rx1JKzBrSzoKQtmbVmBnM,Hayley Williams
2n2RSaZqBuUUukhbLlpnE6,Sleep Token
5BtHciL0e0zOP7prIHn3pP,Breaking Benjamin
3TNt4aUIxgfy9aoaft5Jj2,Yeah Yeah Yeahs
164Uj4eKjl6zTBKfJLFKKK,JVKE
432R46LaYsJZV2Gmc4jUV5,Joy Division
12j6dJrPXanCBwY599pZxf,Matt Maltese
4LEiUm1SRbFMgfqnQTwUbQ,Bon Iver
